<?xml version="1.0" encoding="UTF-8"?>
<project-private xmlns="http://www.netbeans.org/ns/project-private/1">
    <editor-bookmarks xmlns="http://www.netbeans.org/ns/editor-bookmarks/2" lastBookmarkId="0"/>
    <open-files xmlns="http://www.netbeans.org/ns/projectui-open-files/2">
        <group>
            <file>file:/home/alumno/Escritorio/practica4/web/zodiaco.jsp</file>
            <file>file:/home/alumno/Escritorio/practica4/web/detalles.jsp</file>
            <file>file:/home/alumno/Escritorio/practica4/web/index.html</file>
            <file>file:/home/alumno/Escritorio/practica4/src/java/recursos/Horoscopo.java</file>
            <file>file:/home/alumno/Escritorio/practica4/web/listarTabla.jsp</file>
            <file>file:/home/alumno/Escritorio/practica4/web/listarArtículos.jsp</file>
            <file>file:/home/alumno/Escritorio/practica4/src/java/recursos/Comida.java</file>
        </group>
    </open-files>
</project-private>
